CHROM	POS	REF	ALT	REF_COUNT	ALT_COUNT	DP	BAF	EXPECTED_BAF
chr6	129060123	A	C	13	29	42	0.6905	0.6667
chr6	129075321	T	G	14	28	42	0.6667	0.6667
chr6	129090517	T	G	17	30	47	0.6383	0.6667
chr6	129105711	T	G	16	32	48	0.6667	0.6667
chr6	129120907	C	A	15	27	42	0.6429	0.6667
chr6	129136103	A	C	15	31	46	0.6739	0.6667
chr6	129151299	A	C	11	27	38	0.7105	0.6667
chr6	129166495	G	T	14	31	45	0.6889	0.6667
chr6	129181691	C	A	17	32	49	0.6531	0.6667
chr6	129196887	C	A	14	30	44	0.6818	0.6667
chr6	129212083	A	C	16	27	43	0.6279	0.6667
chr6	129227279	T	G	13	31	44	0.7045	0.6667
chr6	129242475	G	T	16	27	43	0.6279	0.6667
chr6	129257671	T	G	16	25	41	0.6098	0.6667
chr6	129272867	G	T	18	28	46	0.6087	0.6667
chr6	129288063	G	T	14	29	43	0.6744	0.6667
